	location_name	2015_urban	2016_urban	2017_urban	2018_urban	2019_urban	2015_pop	2016_pop	2017_pop	2018_pop	2019_pop	cause_name_anxiety	metric_name_anxiety	year_anxiety	val_anxiety	upper_anxiety	lower_anxiety	cause_name_depressive	metric_name_depressive	year_depressive	val_depressive	upper_depressive	lower_depressive	cause_name_substanceuse	metric_name_substanceuse	year_substanceuse	val_substanceuse	upper_substanceuse	lower_substanceuse
0	Afghanistan	0.248	0.25	0.253	0.255	0.258	34400000	35400000	36300000	37200000	38000000	Anxiety disorders	Rate	2017	4438.51310843268	5697.917025199521	3377.1480487168396	Depressive disorders	Rate	2017	3711.1588357023634	4397.5505284555875	3196.8920608600793	Substance use disorders	Rate	2017	844.4478265511079	999.575646456699	717.9110458234138
1	Albania	0.574	0.584	0.594	0.603	0.612	2890000	2890000	2880000	2880000	2880000	Anxiety disorders	Rate	2017	4216.868241999871	5329.344799277843	3394.8602916999444	Depressive disorders	Rate	2017	2865.0094728648182	3348.3691988037403	2510.2067442559273	Substance use disorders	Rate	2017	2149.28127311378	2524.7693624793656	1836.3425645129346
2	Algeria	0.708	0.715	0.721	0.726	0.732	39700000	40600000	41400000	42200000	43100000	Anxiety disorders	Rate	2017	4786.6361312576455	5972.56655551731	3756.163552374054	Depressive disorders	Rate	2017	4089.7305209999895	4754.5161366618	3519.6852103690385	Substance use disorders	Rate	2017	916.755404953111	1057.452287368606	792.9521758661639
3	Andorra	0.883	0.882	0.882	0.8809999999999999	0.88	78000	77300	77000	77000	77100	Anxiety disorders	Rate	2017	5824.387542960868	7253.14107522494	4655.336332745233	Depressive disorders	Rate	2017	4330.424391131597	4983.761570165319	3786.895815531189	Substance use disorders	Rate	2017	3151.392534989033	3621.7175101881908	2706.521553928213
4	Angola	0.634	0.6409999999999999	0.648	0.655	0.662	27900000	28800000	29800000	30800000	31800000	Anxiety disorders	Rate	2017	3342.468448376373	4233.368796534892	2597.719758621737	Depressive disorders	Rate	2017	4111.125534062719	4794.9128960643875	3511.393897809663	Substance use disorders	Rate	2017	1071.0110797879615	1245.4513893949506	899.8460701907703
5	Antigua and Barbuda	0.25	0.248	0.247	0.24600000000000002	0.245	93600	94500	95400	96300	97100	Anxiety disorders	Rate	2017	4720.42136807724	5967.41363818904	3745.2804978916356	Depressive disorders	Rate	2017	3275.7849729752165	3808.027548007649	2840.221365114713	Substance use disorders	Rate	2017	3015.7040094878034	3450.165596770487	2606.578734764673
6	Argentina	0.915	0.9159999999999999	0.917	0.919	0.92	43100000	43500000	43900000	44400000	44800000	Anxiety disorders	Rate	2017	5130.996022225441	5688.101040490606	4618.099184170976	Depressive disorders	Rate	2017	2549.4315630996202	2818.271879814993	2312.6140558899688	Substance use disorders	Rate	2017	2822.0948967688983	3274.5774204571962	2432.523135787037
7	Armenia	0.631	0.631	0.631	0.631	0.632	2930000	2940000	2940000	2950000	2960000	Anxiety disorders	Rate	2017	3383.2226289255573	4266.252060276515	2735.52667121379	Depressive disorders	Rate	2017	3442.981641762237	3966.4265379107783	3023.133979507138	Substance use disorders	Rate	2017	2605.180125679229	3002.538230022193	2203.148196425843
8	Australia	0.857	0.858	0.8590000000000001	0.86	0.861	23900000	24300000	24600000	24900000	25200000	Anxiety disorders	Rate	2017	6000.351480158324	7590.918973435524	4803.859246454578	Depressive disorders	Rate	2017	4704.007022042913	5365.12732696791	4132.112057572932	Substance use disorders	Rate	2017	3969.1096366298348	4345.727875583589	3570.8389521569898
9	Austria	0.5770000000000001	0.579	0.581	0.583	0.585	8680000	8750000	8820000	8890000	8960000	Anxiety disorders	Rate	2017	6283.664519992771	7769.393935179088	5064.073390594165	Depressive disorders	Rate	2017	3743.026067328202	4245.681882785012	3288.639558768892	Substance use disorders	Rate	2017	3815.890544239556	4358.128177815584	3354.308767518839
10	Azerbaijan	0.547	0.55	0.5529999999999999	0.557	0.56	9620000	9740000	9850000	9950000	10000000	Anxiety disorders	Rate	2017	2598.091093097457	3316.3781478622313	2052.007153363616	Depressive disorders	Rate	2017	2887.2634932240694	3388.298274587815	2495.837883698864	Substance use disorders	Rate	2017	3147.0659466491484	3607.6831870772508	2683.241495565308
11	Bahamas	0.8270000000000001	0.828	0.8290000000000001	0.83	0.831	374000	378000	382000	386000	389000	Anxiety disorders	Rate	2017	4664.09171698829	5863.680070439586	3698.345741416089	Depressive disorders	Rate	2017	3237.324700791831	3728.667840855807	2806.1569243055155	Substance use disorders	Rate	2017	3074.242251840097	3488.4123588991188	2675.3316576837587
12	Bahrain	0.89	0.8909999999999999	0.892	0.893	0.894	1370000	1430000	1490000	1570000	1640000	Anxiety disorders	Rate	2017	5204.126822208422	6685.207999030963	4051.6156517354248	Depressive disorders	Rate	2017	5287.85894964913	6232.094518121863	4514.302635181177	Substance use disorders	Rate	2017	1097.224247524388	1284.8077207551914	930.200576912164
13	Bangladesh	0.34299999999999997	0.35100000000000003	0.359	0.366	0.374	156000000	158000000	160000000	161000000	163000000	Anxiety disorders	Rate	2017	3141.6049801792146	3999.928943990594	2475.3025191137267	Depressive disorders	Rate	2017	4418.032006134538	5041.657719168125	3860.468771937597	Substance use disorders	Rate	2017	1435.516336475969	1720.5020668339275	1219.7051750378062
14	Barbados	0.312	0.312	0.312	0.311	0.312	285000	286000	286000	287000	287000	Anxiety disorders	Rate	2017	4760.971015776823	5940.888228611982	3794.460247634928	Depressive disorders	Rate	2017	3706.226123085519	4235.850768098636	3243.4142007979053	Substance use disorders	Rate	2017	2433.9479944894915	2786.8310143988865	2126.151252186729
15	Belarus	0.772	0.777	0.7809999999999999	0.7859999999999999	0.79	9440000	9450000	9450000	9450000	9450000	Anxiety disorders	Rate	2017	3812.97393467748	4750.661399778191	3076.133753497077	Depressive disorders	Rate	2017	4881.818666017209	5597.858399681572	4263.964744309977	Substance use disorders	Rate	2017	4059.3221664271473	4551.832941073856	3621.794786292729
16	Belgium	0.9790000000000001	0.9790000000000001	0.98	0.98	0.98	11300000	11400000	11400000	11500000	11500000	Anxiety disorders	Rate	2017	5286.729250020318	6563.551300489948	4276.1737450567525	Depressive disorders	Rate	2017	4102.877824620445	4661.551624436387	3622.6931268605326	Substance use disorders	Rate	2017	3373.1061001178577	3832.937555960887	2943.814474761511
17	Belize	0.45399999999999996	0.455	0.456	0.457	0.45899999999999996	361000	368000	376000	383000	390000	Anxiety disorders	Rate	2017	4151.471776798802	5222.681586171652	3273.193347884933	Depressive disorders	Rate	2017	3095.490603622553	3566.7636899134613	2704.2491976429164	Substance use disorders	Rate	2017	2466.588478807802	2833.892338218408	2130.014272249889
18	Benin	0.457	0.462	0.46799999999999997	0.473	0.479	10600000	10900000	11200000	11500000	11800000	Anxiety disorders	Rate	2017	2861.3533042154145	3681.062569719343	2174.516901482268	Depressive disorders	Rate	2017	3027.595433225991	3535.4096533894312	2591.488718746484	Substance use disorders	Rate	2017	686.626973159143	807.1818486430228	586.1729881485572
19	Bhutan	0.387	0.39399999999999996	0.402	0.409	0.41600000000000004	728000	737000	746000	754000	763000	Anxiety disorders	Rate	2017	3263.393603846595	4185.128742724792	2580.0414414250413	Depressive disorders	Rate	2017	3757.8760733229087	4368.6236362768495	3266.5838759810053	Substance use disorders	Rate	2017	3010.7368955354327	3496.465256580989	2571.206254316977
20	Bolivia	0.684	0.687	0.691	0.6940000000000001	0.698	10900000	11000000	11200000	11400000	11500000	Anxiety disorders	Rate	2017	5481.0927579270665	6952.164925516237	4359.465508869887	Depressive disorders	Rate	2017	3103.632241627028	3558.778315132825	2712.248887725385	Substance use disorders	Rate	2017	1700.426551587843	1924.9687654325219	1491.4651213412149
21	Bosnia and Herzegovina	0.47200000000000003	0.475	0.479	0.48200000000000004	0.486	3430000	3390000	3350000	3320000	3300000	Anxiety disorders	Rate	2017	4018.872574052472	5022.65603306515	3236.916574384521	Depressive disorders	Rate	2017	3442.9482388595948	3983.748303166344	2980.443074767941	Substance use disorders	Rate	2017	2569.604286687721	2988.093356215345	2230.034276084933
22	Botswana	0.672	0.679	0.687	0.6940000000000001	0.7020000000000001	2120000	2160000	2210000	2250000	2300000	Anxiety disorders	Rate	2017	3565.965394311565	4528.656692652837	2782.2241596591853	Depressive disorders	Rate	2017	3884.726241222407	4517.7373805860525	3326.0466703761945	Substance use disorders	Rate	2017	2397.5790145322503	2833.008640278703	2006.1171502859129
23	Brazil	0.858	0.86	0.863	0.866	0.868	204000000	206000000	208000000	209000000	211000000	Anxiety disorders	Rate	2017	7917.447034627119	9275.06992743217	6780.094643272745	Depressive disorders	Rate	2017	4081.615336383481	4479.4436668480985	3740.033567728672	Substance use disorders	Rate	2017	4449.3654786618345	4991.7922121642405	3937.6437618477003
24	Brunei	0.767	0.77	0.773	0.7759999999999999	0.779	415000	420000	424000	429000	433000	Anxiety disorders	Rate	2017	3035.663928170292	3880.0400544532417	2370.017526506864	Depressive disorders	Rate	2017	1639.2897137265509	1927.985394386832	1398.1786836675094	Substance use disorders	Rate	2017	1930.9556085078784	2260.925308505589	1638.235460780155
25	Bulgaria	0.74	0.743	0.747	0.75	0.753	7200000	7150000	7100000	7050000	7000000	Anxiety disorders	Rate	2017	3884.769090082954	4862.464107689643	3125.957721463479	Depressive disorders	Rate	2017	3577.0954804131466	4138.615341579101	3113.432345553023	Substance use disorders	Rate	2017	2462.2821672369173	2833.880791367563	2138.2224670277697
26	Burkina Faso	0.275	0.281	0.287	0.294	0.3	18100000	18600000	19200000	19800000	20300000	Anxiety disorders	Rate	2017	2760.132271211899	3515.9415950872985	2103.510047706439	Depressive disorders	Rate	2017	3130.3198157837164	3617.222800590273	2710.3517229731165	Substance use disorders	Rate	2017	607.5009061475695	702.9840740315432	523.9660948913079
27	Burundi	0.121	0.124	0.127	0.13	0.134	10200000	10500000	10800000	11200000	11500000	Anxiety disorders	Rate	2017	3081.277000287129	3890.625152163218	2395.687946591388	Depressive disorders	Rate	2017	3268.9020550017663	3793.849760085849	2791.3859641753675	Substance use disorders	Rate	2017	1312.1925719141311	1572.7333448945344	1089.5122613707892
28	Cambodia	0.222	0.226	0.23	0.23399999999999999	0.23800000000000002	15500000	15800000	16000000	16200000	16500000	Anxiety disorders	Rate	2017	4422.910049611217	5551.388069303232	3492.5228516416137	Depressive disorders	Rate	2017	2778.572968326815	3258.424395158117	2403.3534717730604	Substance use disorders	Rate	2017	1203.573824739661	1391.7555869678229	1027.684838287242
29	Cameroon	0.546	0.552	0.5579999999999999	0.564	0.57	23300000	23900000	24600000	25200000	25900000	Anxiety disorders	Rate	2017	2976.3438652462896	3843.858317930692	2274.1832307868003	Depressive disorders	Rate	2017	3338.44993305342	3888.973461935243	2884.58228904492	Substance use disorders	Rate	2017	830.8094499444487	950.5765254808867	712.6516249810195
30	Canada	0.813	0.813	0.813	0.8140000000000001	0.815	36000000	36400000	36700000	37100000	37400000	Anxiety disorders	Rate	2017	4727.674408745922	5955.505591419605	3802.583400713562	Depressive disorders	Rate	2017	3489.5794018566826	3962.77769808447	3126.7682393039504	Substance use disorders	Rate	2017	4063.0912963451783	4443.75778625595	3710.416455472694
31	Cape Verde	0.643	0.648	0.653	0.657	0.662	525000	531000	537000	544000	550000	Anxiety disorders	Rate	2017	3131.295673697665	3933.791946616089	2445.005875002719	Depressive disorders	Rate	2017	4630.576719079046	5328.2848735017715	4039.2082062955074	Substance use disorders	Rate	2017	1043.7099526204538	1190.3300800053214	907.3886035078896
32	Central African Republic	0.40299999999999997	0.406	0.41	0.414	0.418	4490000	4540000	4600000	4670000	4750000	Anxiety disorders	Rate	2017	3902.758233692204	4986.333463700097	3013.679060746118	Depressive disorders	Rate	2017	4551.939045540182	5326.275869667314	3871.930361713415	Substance use disorders	Rate	2017	1152.217509069013	1345.4583054444604	971.0031507565393
33	Chad	0.225	0.22699999999999998	0.22899999999999998	0.231	0.233	14100000	14600000	15000000	15500000	15900000	Anxiety disorders	Rate	2017	2848.4229598861025	3671.225481425987	2147.2263503379504	Depressive disorders	Rate	2017	3175.767962353872	3688.00028193852	2721.321891465357	Substance use disorders	Rate	2017	535.2399191547147	630.969321594357	454.50535494986366
34	Chile	0.8740000000000001	0.8740000000000001	0.875	0.8759999999999999	0.8759999999999999	18000000	18200000	18500000	18700000	19000000	Anxiety disorders	Rate	2017	5790.735181659524	7247.731997016605	4612.010754698785	Depressive disorders	Rate	2017	4064.197639779375	4676.6640545464525	3556.455843224479	Substance use disorders	Rate	2017	3903.306562766257	4426.51596577604	3414.34693604185
35	China	0.555	0.5670000000000001	0.58	0.5920000000000001	0.603	1410000000	1410000000	1420000000	1430000000	1430000000	Anxiety disorders	Rate	2017	3396.535638049878	3909.1834902734613	2925.741782737105	Depressive disorders	Rate	2017	3494.689607315858	3881.2805155048522	3141.643385854516	Substance use disorders	Rate	2017	2078.1070856673355	2346.885094920632	1859.042674292158
36	Colombia	0.7979999999999999	0.8009999999999999	0.804	0.8079999999999999	0.8109999999999999	47500000	48200000	48900000	49700000	50300000	Anxiety disorders	Rate	2017	4870.702081040319	6156.635176447444	3865.3273127852985	Depressive disorders	Rate	2017	2332.6451741392348	2654.086900484916	2079.6426663216566	Substance use disorders	Rate	2017	2993.204090722245	3461.301305337356	2631.271611930322
37	Comoros	0.285	0.28600000000000003	0.28800000000000003	0.29	0.292	777000	796000	814000	832000	851000	Anxiety disorders	Rate	2017	3430.2585833602852	4314.971746002696	2698.9157920988405	Depressive disorders	Rate	2017	3716.804092366313	4327.353526812842	3198.131090542464	Substance use disorders	Rate	2017	1466.066113389336	1755.9871520272338	1211.311184783481
38	Democratic Republic of the Congo	0.42700000000000005	0.433	0.439	0.445	0.45	76200000	78800000	81400000	84100000	86800000	Anxiety disorders	Rate	2017	3356.0330081318793	4262.06850060743	2600.8751993928777	Depressive disorders	Rate	2017	4059.3721542939134	4746.204757660091	3503.248529402015	Substance use disorders	Rate	2017	1076.991211179449	1260.0721811740066	900.2226717578263
39	Congo, Rep.	0.655	0.66	0.665	0.669	0.674	4860000	4980000	5110000	5240000	5380000	Anxiety disorders	Rate	2017	3476.010750597852	4407.7467540296	2727.5317890346278	Depressive disorders	Rate	2017	4603.928363159579	5372.772094034957	3939.091502060539	Substance use disorders	Rate	2017	1362.5557268399075	1596.0543357236234	1150.6684334123495
40	Costa Rica	0.769	0.777	0.7859999999999999	0.7929999999999999	0.8009999999999999	4850000	4900000	4950000	5000000	5050000	Anxiety disorders	Rate	2017	4406.428984781013	5533.130111241557	3527.409890701108	Depressive disorders	Rate	2017	3452.992131725303	3989.3261389649656	3041.526736845842	Substance use disorders	Rate	2017	2480.376914257115	2850.554666957029	2147.676181930277
41	Cote d'Ivoire	0.494	0.499	0.503	0.508	0.512	23200000	23800000	24400000	25100000	25700000	Anxiety disorders	Rate	2017	2987.3560320887264	3781.9994765056545	2313.6466569328604	Depressive disorders	Rate	2017	2925.652668036913	3432.243433200729	2501.6054944980965	Substance use disorders	Rate	2017	731.6063090266651	845.9568019891551	631.4421685445036
42	Croatia	0.562	0.564	0.5670000000000001	0.569	0.5720000000000001	4230000	4210000	4180000	4160000	4130000	Anxiety disorders	Rate	2017	4092.4676243792887	5076.019660859845	3337.1032580722826	Depressive disorders	Rate	2017	3957.079795683438	4528.3778825726895	3482.3405985170234	Substance use disorders	Rate	2017	3220.748796223213	3600.721060357036	2841.795644664301
43	Cuba	0.769	0.769	0.77	0.77	0.7709999999999999	11300000	11300000	11300000	11300000	11300000	Anxiety disorders	Rate	2017	4680.11075596613	5874.237832545914	3775.991011312608	Depressive disorders	Rate	2017	4694.918381709263	5342.805294276216	4107.923317233499	Substance use disorders	Rate	2017	2415.404823503145	2785.0591694408567	2109.7812759645653
44	Cyprus	0.669	0.669	0.6679999999999999	0.6679999999999999	0.6679999999999999	1160000	1170000	1180000	1190000	1200000	Anxiety disorders	Rate	2017	6867.783783003575	8658.637218132759	5502.308510848461	Depressive disorders	Rate	2017	3489.8743031793792	4044.7745144040423	3035.798119527374	Substance use disorders	Rate	2017	2388.543875054141	2852.4367508941414	2003.9031198312725
45	Czech Republic	0.735	0.736	0.737	0.738	0.7390000000000001	10600000	10600000	10600000	10700000	10700000	Anxiety disorders	Rate	2017	3524.845746691942	4378.617219964473	2819.5320427881848	Depressive disorders	Rate	2017	3664.9692805300506	4200.931331058595	3220.7363673186437	Substance use disorders	Rate	2017	3512.431185466952	3924.764357910588	3096.9360299371147
46	Denmark	0.875	0.8759999999999999	0.878	0.879	0.88	5690000	5710000	5730000	5750000	5770000	Anxiety disorders	Rate	2017	5120.777313214825	6333.526272330353	4155.490333329718	Depressive disorders	Rate	2017	4109.115797854392	4666.60066036322	3625.033546527359	Substance use disorders	Rate	2017	4078.743299448577	4603.707034149742	3606.756866848431
47	Djibouti	0.774	0.775	0.7759999999999999	0.778	0.779	914000	929000	944000	959000	974000	Anxiety disorders	Rate	2017	3101.116840123925	3993.7187970904383	2407.545159013622	Depressive disorders	Rate	2017	3747.7744513060143	4359.08679590401	3223.5335851147133	Substance use disorders	Rate	2017	1597.7102774334799	1915.4989918876984	1325.7042065853145
48	Dominica	0.696	0.6990000000000001	0.7020000000000001	0.705	0.708	71200	71300	71500	71600	71800	Anxiety disorders	Rate	2017	4543.788885564769	5692.50482216102	3662.805021700177	Depressive disorders	Rate	2017	3300.7549365959812	3797.548737513591	2891.2895897311982	Substance use disorders	Rate	2017	3019.5690674599623	3457.799425149623	2608.5181390950697
49	Dominican Republic	0.7859999999999999	0.794	0.8029999999999999	0.8109999999999999	0.818	10300000	10400000	10500000	10600000	10700000	Anxiety disorders	Rate	2017	4501.4235807316945	5621.676140507946	3562.406775456436	Depressive disorders	Rate	2017	3702.837268036384	4268.978365641439	3224.4425646964955	Substance use disorders	Rate	2017	1858.7347034128775	2147.2135285082777	1586.307768649192
50	Ecuador	0.634	0.635	0.637	0.638	0.64	16200000	16500000	16800000	17100000	17400000	Anxiety disorders	Rate	2017	5201.383538301751	6520.175681121735	4144.011222585312	Depressive disorders	Rate	2017	3241.7444545925696	3748.1850717389775	2829.833823340769	Substance use disorders	Rate	2017	1630.082816418783	1837.7958966142746	1437.002567894015
51	Egypt	0.428	0.42700000000000005	0.42700000000000005	0.42700000000000005	0.42700000000000005	92400000	94400000	96400000	98400000	100000000	Anxiety disorders	Rate	2017	4542.701573934597	5752.2705377265365	3561.1935948711275	Depressive disorders	Rate	2017	3611.2078106083973	4177.151387400144	3112.679779025693	Substance use disorders	Rate	2017	710.690949725715	838.3517341200537	600.8595117882587
52	El Salvador	0.6970000000000001	0.705	0.713	0.72	0.727	6330000	6360000	6390000	6420000	6450000	Anxiety disorders	Rate	2017	4453.013123160381	5584.2174158372445	3544.9210525327476	Depressive disorders	Rate	2017	3402.411279307577	3916.9738031826178	2994.72250044294	Substance use disorders	Rate	2017	3633.4739350776704	4166.753971564978	3121.023211258317
53	Equatorial Guinea	0.706	0.711	0.716	0.721	0.726	1170000	1220000	1260000	1310000	1360000	Anxiety disorders	Rate	2017	3465.9745912813232	4456.080975568988	2665.7929849213715	Depressive disorders	Rate	2017	4334.554689917375	5103.001234409305	3694.090519360131	Substance use disorders	Rate	2017	1301.169378989672	1533.5636919579565	1098.0978118240737
54	Estonia	0.684	0.6859999999999999	0.687	0.6890000000000001	0.691	1320000	1320000	1320000	1320000	1330000	Anxiety disorders	Rate	2017	3721.778639122162	4646.964735644283	2999.5123892412016	Depressive disorders	Rate	2017	4821.038900378201	5438.943932198562	4230.183132661731	Substance use disorders	Rate	2017	3568.2423724919176	3962.0737274487597	3223.1974486557783
55	Eswatini	0.233	0.235	0.23600000000000002	0.23800000000000002	0.24	1100000	1110000	1120000	1140000	1150000	Anxiety disorders	Rate	2017	3322.7982853357207	4227.134319019241	2591.2912713977944	Depressive disorders	Rate	2017	3638.3731678468585	4248.307125488866	3141.7651944761296	Substance use disorders	Rate	2017	2452.2799578178224	2839.5547007728924	2091.5213757558986
56	Ethiopia	0.19399999999999998	0.19899999999999998	0.203	0.20800000000000002	0.212	101000000	104000000	106000000	109000000	112000000	Anxiety disorders	Rate	2017	3008.072014717604	3619.016944129693	2516.4827212127543	Depressive disorders	Rate	2017	3242.3147622544548	3686.641425842881	2849.332889899277	Substance use disorders	Rate	2017	2211.827962093035	2573.138199591366	1911.8755128897208
57	Fiji	0.547	0.552	0.557	0.562	0.568	869000	872000	877000	883000	890000	Anxiety disorders	Rate	2017	3986.1414259281764	4966.844109338689	3183.200683274251	Depressive disorders	Rate	2017	2862.5140329702263	3339.738778026595	2468.93335893732	Substance use disorders	Rate	2017	1272.7395829743527	1573.8459247889207	1047.576733017522
58	Finland	0.852	0.853	0.853	0.8540000000000001	0.8540000000000001	5480000	5500000	5510000	5520000	5530000	Anxiety disorders	Rate	2017	4129.1868845855515	5129.106040180671	3354.4953677569392	Depressive disorders	Rate	2017	4592.60401624974	5122.793393666778	4157.478031364121	Substance use disorders	Rate	2017	3173.716470391961	3512.6258497770036	2858.9192280072352
59	France	0.797	0.799	0.802	0.804	0.807	64500000	64700000	64800000	65000000	65100000	Anxiety disorders	Rate	2017	6550.434354116294	8145.030861636344	5305.731305782636	Depressive disorders	Rate	2017	4438.975936554467	5041.315381458857	3927.27139533594	Substance use disorders	Rate	2017	3051.4725253998995	3417.9492782107136	2747.203669272152
60	Gabon	0.8809999999999999	0.8859999999999999	0.89	0.894	0.897	1950000	2010000	2060000	2120000	2170000	Anxiety disorders	Rate	2017	3868.9940681316302	4899.814759594849	3035.33585311801	Depressive disorders	Rate	2017	4945.233813827285	5753.937349089545	4228.242999423232	Substance use disorders	Rate	2017	1465.2801424501874	1707.5038780177786	1251.338258123235
61	Gambia	0.5920000000000001	0.599	0.606	0.613	0.619	2090000	2150000	2210000	2280000	2350000	Anxiety disorders	Rate	2017	3073.9934555783448	3935.438975049673	2314.130743558749	Depressive disorders	Rate	2017	3971.3601594677184	4592.306721228845	3433.710293549992	Substance use disorders	Rate	2017	701.0341813395819	816.1077965533592	598.7100307989982
62	Georgia	0.574	0.578	0.5820000000000001	0.586	0.59	4020000	4020000	4010000	4000000	4000000	Anxiety disorders	Rate	2017	2692.149967110628	3393.401943313089	2147.3532882280483	Depressive disorders	Rate	2017	4035.710120086446	4602.6937905886025	3547.7186737095612	Substance use disorders	Rate	2017	2743.1647184473263	3144.5552250251067	2361.693714533682
63	Germany	0.772	0.772	0.773	0.773	0.774	81800000	82200000	82700000	83100000	83500000	Anxiety disorders	Rate	2017	6747.149765728401	8417.546558216709	5498.952978748118	Depressive disorders	Rate	2017	4175.309410498326	4668.540779026018	3742.4659144886023	Substance use disorders	Rate	2017	3010.2027659880187	3312.1198933837914	2711.653112488601
64	Ghana	0.541	0.547	0.5539999999999999	0.561	0.5670000000000001	27800000	28500000	29100000	29800000	30400000	Anxiety disorders	Rate	2017	2901.5718490984405	3669.307150611532	2244.8987559178536	Depressive disorders	Rate	2017	3540.4583227494395	4140.747143263643	3063.53551500848	Substance use disorders	Rate	2017	957.8429862491616	1100.2010123774876	831.86487464438
65	Greece	0.78	0.784	0.787	0.7909999999999999	0.794	10700000	10600000	10600000	10500000	10500000	Anxiety disorders	Rate	2017	6114.518385164785	7599.75022859042	4944.30427355731	Depressive disorders	Rate	2017	5899.055056720566	6540.64319319978	5297.9593588236	Substance use disorders	Rate	2017	2011.3675919818052	2342.647653015108	1731.2026883852593
66	Grenada	0.36	0.361	0.36200000000000004	0.363	0.364	110000	110000	111000	111000	112000	Anxiety disorders	Rate	2017	4551.850512833205	5709.884551293998	3639.520502167608	Depressive disorders	Rate	2017	3470.318441946243	3974.955443256385	3044.006617345525	Substance use disorders	Rate	2017	2543.6220060819555	2983.4068460645776	2172.872752641332
67	Guatemala	0.5	0.503	0.507	0.511	0.514	16300000	16600000	16900000	17200000	17600000	Anxiety disorders	Rate	2017	4136.29935078983	5255.843991030801	3237.384360295617	Depressive disorders	Rate	2017	3204.324584925425	3703.349886755846	2774.6942074173085	Substance use disorders	Rate	2017	3382.998089395257	3930.755907502201	2914.131301043952
68	Guinea	0.35100000000000003	0.355	0.358	0.361	0.365	11400000	11700000	12100000	12400000	12800000	Anxiety disorders	Rate	2017	2981.7812626702034	3808.299597142639	2286.9314667130466	Depressive disorders	Rate	2017	3065.484012997964	3542.1611368552294	2648.3558361682835	Substance use disorders	Rate	2017	583.6789376145415	685.2175083433136	500.46275432698195
69	Guinea-Bissau	0.42100000000000004	0.425	0.429	0.434	0.43799999999999994	1740000	1780000	1830000	1870000	1920000	Anxiety disorders	Rate	2017	2863.464312788985	3674.952478661135	2182.790388422632	Depressive disorders	Rate	2017	3237.3925544698927	3777.430290655541	2776.063881661826	Substance use disorders	Rate	2017	687.8496459399727	806.9978666380689	586.3766833022855
70	Guyana	0.264	0.265	0.265	0.266	0.267	767000	771000	775000	779000	783000	Anxiety disorders	Rate	2017	4428.038504982463	5664.15642206378	3532.482217480377	Depressive disorders	Rate	2017	5024.770827981979	5847.681185545286	4402.339364662012	Substance use disorders	Rate	2017	2588.874414753331	2971.630098456553	2260.9866217928547
71	Haiti	0.524	0.534	0.5429999999999999	0.5529999999999999	0.562	10700000	10800000	11000000	11100000	11300000	Anxiety disorders	Rate	2017	4370.9154125537825	5477.159407128333	3462.199175006633	Depressive disorders	Rate	2017	3213.734130883191	3766.3712079376787	2760.2915457191807	Substance use disorders	Rate	2017	1935.8296610354548	2253.6543571895245	1645.6378236858395
72	Honduras	0.552	0.5579999999999999	0.565	0.5710000000000001	0.5770000000000001	9110000	9270000	9430000	9590000	9750000	Anxiety disorders	Rate	2017	3957.468907610603	4983.984895427115	3117.158126384032	Depressive disorders	Rate	2017	2691.5576737278852	3123.7591222514675	2323.7487801496077	Substance use disorders	Rate	2017	2431.879957486557	2837.2411329955553	2060.3651574650644
73	Hungary	0.705	0.708	0.711	0.7140000000000001	0.716	9780000	9750000	9730000	9710000	9680000	Anxiety disorders	Rate	2017	3884.993586578672	4848.152123574912	3123.084618659798	Depressive disorders	Rate	2017	3730.335003979884	4313.6790779932035	3286.5978030432802	Substance use disorders	Rate	2017	3228.2378703977056	3613.5030917589424	2819.5817990355267
74	Iceland	0.937	0.937	0.938	0.938	0.9390000000000001	330000	332000	334000	337000	339000	Anxiety disorders	Rate	2017	5293.1235666069515	6629.20020874605	4283.498840867057	Depressive disorders	Rate	2017	3249.4374490912896	3750.166354861356	2862.8242006487762	Substance use disorders	Rate	2017	3116.609235732245	3546.124597497393	2716.5049283051826
75	India	0.32799999999999996	0.332	0.336	0.34	0.345	1310000000	1320000000	1340000000	1350000000	1370000000	Anxiety disorders	Rate	2017	3059.2981186099596	3580.2008467260466	2619.017750749015	Depressive disorders	Rate	2017	3576.918652029478	3947.993276367752	3235.385128157788	Substance use disorders	Rate	2017	1717.6276933796385	1947.6506052538064	1521.5602653835238
76	Indonesia	0.5329999999999999	0.54	0.547	0.5529999999999999	0.56	258000000	262000000	265000000	268000000	271000000	Anxiety disorders	Rate	2017	3645.67063884366	4265.301028138498	3099.7490748077034	Depressive disorders	Rate	2017	2444.249531735716	2751.577997131565	2158.1860434806617	Substance use disorders	Rate	2017	985.7476527473433	1129.0740798223947	857.622870471145
77	Iran	0.7340000000000001	0.7390000000000001	0.7440000000000001	0.7490000000000001	0.754	78500000	79600000	80700000	81800000	82900000	Anxiety disorders	Rate	2017	7497.240008946896	8849.51671543735	6363.5824165997465	Depressive disorders	Rate	2017	5364.5633859385525	6201.966194377221	4639.044304026974	Substance use disorders	Rate	2017	1161.6714614286266	1326.466333511014	1018.4087179624513
78	Iraq	0.6990000000000001	0.701	0.703	0.705	0.7070000000000001	35600000	36600000	37600000	38400000	39300000	Anxiety disorders	Rate	2017	5358.872906777394	6839.825344476991	4176.4875411039475	Depressive disorders	Rate	2017	3628.468786125456	4208.371339576623	3150.6716416496492	Substance use disorders	Rate	2017	766.5969026458987	912.1512887234807	648.1443116627761
79	Ireland	0.625	0.627	0.629	0.632	0.634	4650000	4700000	4750000	4820000	4880000	Anxiety disorders	Rate	2017	7250.421757849791	8875.501792208757	5817.7451504413575	Depressive disorders	Rate	2017	4645.4871089316075	5195.9027825232315	4163.309381590228	Substance use disorders	Rate	2017	4462.0526798589335	4982.098489716961	3990.149617824274
80	Israel	0.922	0.9229999999999999	0.9229999999999999	0.924	0.925	7980000	8110000	8240000	8380000	8520000	Anxiety disorders	Rate	2017	3714.4602303000947	4628.3372039562955	2954.5784196089007	Depressive disorders	Rate	2017	4182.99137528126	4740.030386927093	3678.0373064852174	Substance use disorders	Rate	2017	1564.8201613649405	1792.0006798946579	1375.1878483134733
81	Italy	0.696	0.6990000000000001	0.701	0.7040000000000001	0.7070000000000001	60600000	60700000	60700000	60600000	60600000	Anxiety disorders	Rate	2017	5910.99733384098	6804.913688810236	5133.642322045806	Depressive disorders	Rate	2017	4376.83760203799	4852.7262770900725	3940.417360951235	Substance use disorders	Rate	2017	2219.3318377263167	2499.032721715838	1986.6894422605521
82	Jamaica	0.5479999999999999	0.551	0.5539999999999999	0.557	0.56	2890000	2910000	2920000	2930000	2950000	Anxiety disorders	Rate	2017	4278.1359081401315	5352.959656165354	3399.422895934268	Depressive disorders	Rate	2017	3156.7904942973787	3647.105371826632	2732.3048380114483	Substance use disorders	Rate	2017	2214.761915561952	2630.6668786163673	1866.5509390240145
83	Japan	0.914	0.915	0.915	0.9159999999999999	0.917	128000000	128000000	128000000	127000000	127000000	Anxiety disorders	Rate	2017	2437.812885047308	2775.9421370762407	2123.749362511613	Depressive disorders	Rate	2017	2534.3670948936656	2759.5241845072264	2322.6901331351955	Substance use disorders	Rate	2017	1240.8265798460075	1387.5764058621344	1106.3152618778945
84	Jordan	0.903	0.905	0.907	0.91	0.912	9270000	9550000	9790000	9970000	10100000	Anxiety disorders	Rate	2017	4968.754273460227	6293.74576457033	3866.035790006155	Depressive disorders	Rate	2017	3762.388593351086	4355.065766209822	3243.1969458581502	Substance use disorders	Rate	2017	834.1866732935785	973.1486746894266	712.0213432843765
85	Kazakhstan	0.5720000000000001	0.573	0.573	0.574	0.575	17600000	17800000	18100000	18300000	18600000	Anxiety disorders	Rate	2017	2113.9628821193146	2657.147593848168	1660.5473437500484	Depressive disorders	Rate	2017	3520.626499523698	4086.062221099055	3085.34456413422	Substance use disorders	Rate	2017	4384.459630316888	5110.052427310763	3834.3463231089854
86	Kenya	0.257	0.261	0.266	0.27	0.275	47900000	49100000	50200000	51400000	52600000	Anxiety disorders	Rate	2017	3132.0922681140332	3755.5541800482397	2630.9147253000187	Depressive disorders	Rate	2017	3573.6651331656944	3991.5302684417206	3185.396255999993	Substance use disorders	Rate	2017	879.2790135464654	1012.8262510764467	765.5562222051941
87	Kiribati	0.516	0.525	0.5329999999999999	0.541	0.5479999999999999	111000	113000	114000	116000	118000	Anxiety disorders	Rate	2017	3840.411032674829	4829.252483502625	3002.723966366191	Depressive disorders	Rate	2017	2608.47973948771	3054.452251872489	2229.5163498440397	Substance use disorders	Rate	2017	1229.5719214051167	1502.8442214670629	1019.0288153015854
88	Kuwait	1.0	1.0	1.0	1.0	1.0	3840000	3960000	4060000	4140000	4210000	Anxiety disorders	Rate	2017	4875.0055827518545	6280.0219523052665	3776.2318874817106	Depressive disorders	Rate	2017	4541.523904075665	5324.403021950147	3890.9189529215832	Substance use disorders	Rate	2017	1022.817234613816	1210.83938191802	858.3779133003737
89	Kyrgyzstan	0.358	0.359	0.361	0.364	0.366	5960000	6070000	6190000	6300000	6420000	Anxiety disorders	Rate	2017	1985.8449285240781	2485.7886080544154	1562.6202289653702	Depressive disorders	Rate	2017	3099.8591583130833	3572.874924755818	2702.8430331663576	Substance use disorders	Rate	2017	3265.568459385519	3709.321212097685	2819.5477750148707
90	Lao	0.331	0.337	0.344	0.35	0.35600000000000004	6740000	6850000	6950000	7060000	7170000	Anxiety disorders	Rate	2017	4341.8917222613845	5335.745654386533	3515.2096909881225	Depressive disorders	Rate	2017	2517.060855126373	2967.408910784449	2158.044591263132	Substance use disorders	Rate	2017	1311.4689116855775	1549.382073412747	1111.5999001486093
91	Latvia	0.68	0.68	0.6809999999999999	0.6809999999999999	0.682	2000000	1970000	1950000	1930000	1910000	Anxiety disorders	Rate	2017	4186.096562023063	5233.675821386419	3393.8746163941755	Depressive disorders	Rate	2017	4883.757858563861	5515.400178512686	4352.1359391499345	Substance use disorders	Rate	2017	3645.5198229723323	4005.177530023615	3291.2044274418176
92	Lebanon	0.8809999999999999	0.883	0.884	0.8859999999999999	0.888	6530000	6710000	6820000	6860000	6860000	Anxiety disorders	Rate	2017	6450.461182881341	7963.598108310904	5160.428930305502	Depressive disorders	Rate	2017	5050.96522642748	5721.383827818891	4470.88058476041	Substance use disorders	Rate	2017	1187.240122416563	1358.4079780506606	1040.1097633137267
93	Lesotho	0.26899999999999996	0.273	0.27699999999999997	0.282	0.28600000000000003	2060000	2080000	2090000	2110000	2130000	Anxiety disorders	Rate	2017	3531.1124088742754	4496.288614727948	2736.129701271733	Depressive disorders	Rate	2017	4835.700456655385	5573.298542236143	4179.753586649565	Substance use disorders	Rate	2017	2466.3316423589044	2885.289026960417	2084.154388359096
94	Liberia	0.498	0.503	0.507	0.512	0.516	4470000	4590000	4700000	4820000	4940000	Anxiety disorders	Rate	2017	3310.83067469154	4234.3719735151735	2509.5336960096492	Depressive disorders	Rate	2017	3823.7083455969496	4309.540320593564	3402.9664321958558	Substance use disorders	Rate	2017	791.5412995070045	931.8207362101747	678.1359953126537
95	Libya	0.7929999999999999	0.795	0.7979999999999999	0.8009999999999999	0.804	6420000	6490000	6580000	6680000	6780000	Anxiety disorders	Rate	2017	5670.813328198583	7071.766137282938	4496.251519639426	Depressive disorders	Rate	2017	4680.055391617031	5460.643298576953	4041.059192339391	Substance use disorders	Rate	2017	1449.708432758605	1652.3118927981893	1270.5649929386373
96	Lithuania	0.672	0.674	0.675	0.677	0.679	2930000	2890000	2850000	2800000	2760000	Anxiety disorders	Rate	2017	4790.030216352552	6047.7333663588515	3830.976168021948	Depressive disorders	Rate	2017	5193.560104979936	5888.784724626852	4605.465046159535	Substance use disorders	Rate	2017	3252.416538290089	3629.5478624406237	2936.4249612146255
97	Luxembourg	0.902	0.905	0.907	0.91	0.912	567000	579000	592000	604000	616000	Anxiety disorders	Rate	2017	5543.5781105979295	6911.976628956241	4469.745714761576	Depressive disorders	Rate	2017	3769.997077120899	4281.383090811468	3364.269317633067	Substance use disorders	Rate	2017	3646.056875352628	4151.012712171195	3189.584425122359
98	Madagascar	0.35200000000000004	0.359	0.365	0.37200000000000005	0.379	24200000	24900000	25600000	26300000	27000000	Anxiety disorders	Rate	2017	3524.0406873900347	4485.527920851911	2756.3323268985882	Depressive disorders	Rate	2017	3494.313665570264	4072.1590414078387	3009.2341093835353	Substance use disorders	Rate	2017	1357.7862493107448	1639.8050217777932	1127.3538617702575
99	Malawi	0.163	0.165	0.16699999999999998	0.16899999999999998	0.172	16700000	17200000	17700000	18100000	18600000	Anxiety disorders	Rate	2017	3353.2309012221235	4296.33770413339	2587.272844579706	Depressive disorders	Rate	2017	2912.6525508433765	3396.543678713288	2492.1537831062287	Substance use disorders	Rate	2017	1399.9586784612507	1672.567699286406	1165.7428133750072
100	Malaysia	0.742	0.748	0.754	0.76	0.7659999999999999	30300000	30700000	31100000	31500000	31900000	Anxiety disorders	Rate	2017	4748.914950629757	6001.975620984039	3777.5113410889503	Depressive disorders	Rate	2017	3725.7820832235466	4225.261736948806	3296.024322395518	Substance use disorders	Rate	2017	1189.7881784962815	1360.036903286225	1037.963918133776
101	Maldives	0.385	0.39	0.39399999999999996	0.39799999999999996	0.402	455000	476000	496000	516000	531000	Anxiety disorders	Rate	2017	3676.5866088172797	4673.897003624009	2850.585958300652	Depressive disorders	Rate	2017	2974.5669087966576	3492.2944031299357	2571.090448892869	Substance use disorders	Rate	2017	1447.512083015491	1741.8472545952038	1199.916377564695
102	Mali	0.4	0.408	0.41600000000000004	0.424	0.431	17400000	18000000	18500000	19100000	19700000	Anxiety disorders	Rate	2017	2396.212458924382	3116.57150326138	1817.1947727951356	Depressive disorders	Rate	2017	2362.0761818057244	2753.495682206221	2017.0585893020132	Substance use disorders	Rate	2017	536.9814993453659	636.6737968639784	455.5688264062085
103	Malta	0.9440000000000001	0.945	0.945	0.946	0.9470000000000001	434000	436000	438000	439000	440000	Anxiety disorders	Rate	2017	6611.737397191243	8277.84321385261	5341.115016502179	Depressive disorders	Rate	2017	3624.891510514665	4171.768320267755	3172.4814497846364	Substance use disorders	Rate	2017	2579.651645973661	2955.931404675272	2241.6231024623253
104	Marshall Islands	0.758	0.762	0.7659999999999999	0.77	0.774	57400	57700	58100	58400	58800	Anxiety disorders	Rate	2017	3871.878872376254	4860.20210839878	3062.5834143610523	Depressive disorders	Rate	2017	2630.842474671284	3092.750999187157	2247.9234325161983	Substance use disorders	Rate	2017	1486.337863853003	1784.472849525811	1247.7222152502848
105	Mauritania	0.511	0.52	0.528	0.537	0.545	4050000	4160000	4280000	4400000	4530000	Anxiety disorders	Rate	2017	2584.4448875521107	3322.87964412283	1993.0225554621961	Depressive disorders	Rate	2017	2761.182599691469	3205.649012292503	2369.4392690041705	Substance use disorders	Rate	2017	663.675118318518	765.9096378690627	565.4600995938165
106	Mauritius	0.41	0.409	0.408	0.408	0.408	1260000	1260000	1260000	1270000	1270000	Anxiety disorders	Rate	2017	4222.540194799117	5269.627449871773	3405.460251551343	Depressive disorders	Rate	2017	4460.54841345011	5106.817435026432	3872.6893512218544	Substance use disorders	Rate	2017	2071.8204211066472	2347.4199195133733	1790.1901002996397
107	Mexico	0.7929999999999999	0.7959999999999999	0.799	0.802	0.804	122000000	123000000	125000000	126000000	128000000	Anxiety disorders	Rate	2017	3597.4648462585383	4202.458604715442	3057.913779231521	Depressive disorders	Rate	2017	3595.115235517122	3991.707532928108	3245.2168553824076	Substance use disorders	Rate	2017	1854.3581695944283	2077.6939139339834	1651.2510360038732
108	Micronesia, Fed. Sts.	0.225	0.225	0.226	0.22699999999999998	0.228	109000	110000	111000	113000	114000	Anxiety disorders	Rate	2017	3971.427756103714	5033.148842776199	3138.0498153562357	Depressive disorders	Rate	2017	2696.4134396361505	3165.4577757582374	2317.868816313065	Substance use disorders	Rate	2017	1460.4981268700153	1791.1424135306063	1216.2856558927924
109	Moldova	0.425	0.425	0.426	0.426	0.42700000000000005	4070000	4070000	4060000	4050000	4040000	Anxiety disorders	Rate	2017	4531.82409830427	5721.124826999778	3652.1170642904	Depressive disorders	Rate	2017	4062.645194253316	4642.932611794984	3552.33203749971	Substance use disorders	Rate	2017	3009.0404493941155	3366.110826741323	2674.6603325585197
110	Monaco	1.0	1.0	1.0	1.0	1.0	37700	38100	38400	38700	39000	Anxiety disorders	Rate	2017	5753.126882635292	7110.153518767174	4655.946533385621	Depressive disorders	Rate	2017	4960.1640841802255	5774.4884277290585	4224.845931307653	Substance use disorders	Rate	2017	3062.8832412525044	3420.293906299663	2714.610955647456
111	Mongolia	0.682	0.6829999999999999	0.684	0.684	0.685	3000000	3060000	3110000	3170000	3230000	Anxiety disorders	Rate	2017	2082.756696251829	2644.235771190769	1619.8519163789845	Depressive disorders	Rate	2017	3886.6026642672136	4497.088960837672	3380.1327118889394	Substance use disorders	Rate	2017	4734.734823057983	5464.53013650197	3959.9706594088575
112	Montenegro	0.6579999999999999	0.6609999999999999	0.665	0.6679999999999999	0.672	627000	627000	628000	628000	628000	Anxiety disorders	Rate	2017	4039.251735427802	5056.243556770475	3245.2636857307066	Depressive disorders	Rate	2017	3392.697380530831	3892.947237744836	2992.3078747795457	Substance use disorders	Rate	2017	2581.96454162314	2943.0835516737816	2230.2713160463063
113	Morocco	0.608	0.614	0.619	0.625	0.63	34700000	35100000	35600000	36000000	36500000	Anxiety disorders	Rate	2017	4868.9941133691	6050.255739168821	3878.604709576042	Depressive disorders	Rate	2017	5180.320004469652	6010.930124867628	4450.896248126943	Substance use disorders	Rate	2017	917.4354626093714	1056.5782503134747	794.0669157991182
114	Mozambique	0.344	0.349	0.355	0.36	0.365	27000000	27800000	28600000	29500000	30400000	Anxiety disorders	Rate	2017	3331.1097163248246	4266.80241238676	2558.7688135363464	Depressive disorders	Rate	2017	3322.1379495334977	3865.598880076029	2856.777213259949	Substance use disorders	Rate	2017	1427.8609382541786	1687.1352989119973	1191.7707879010204
115	Myanmar	0.299	0.301	0.303	0.306	0.309	52700000	53000000	53400000	53700000	54000000	Anxiety disorders	Rate	2017	3970.8096285885545	5003.621504762532	3188.032946236881	Depressive disorders	Rate	2017	2148.2356651830205	2617.5124686714216	1802.5807344681275	Substance use disorders	Rate	2017	1306.5853883319558	1519.6226521204633	1112.9595106003753
116	Namibia	0.469	0.48	0.49	0.5	0.51	2310000	2360000	2400000	2450000	2490000	Anxiety disorders	Rate	2017	3359.4087880172706	4201.776952993451	2622.0715908303264	Depressive disorders	Rate	2017	3074.273854501656	3596.865099062439	2641.589448013742	Substance use disorders	Rate	2017	2446.547303691301	2854.998515655659	2087.717245506242
117	Nauru	1.0	1.0	1.0	1.0	1.0	10400	10500	10600	10700	10800	Anxiety disorders	Rate	2017	3734.3155546972084	4746.721601625488	2907.2847462058435	Depressive disorders	Rate	2017	2620.380982513765	3144.4540007014252	2162.161218015784	Substance use disorders	Rate	2017	1434.4681648211633	1768.6600855459164	1186.850878033593
118	Nepal	0.18600000000000003	0.18899999999999997	0.193	0.19699999999999998	0.20199999999999999	27000000	27300000	27600000	28100000	28600000	Anxiety disorders	Rate	2017	3112.647849042421	3923.741637442051	2485.4406346162423	Depressive disorders	Rate	2017	4336.844728549846	4906.002034406723	3817.553731361292	Substance use disorders	Rate	2017	1459.8859834505724	1673.2155869989526	1272.6555100234432
119	Netherlands	0.902	0.9059999999999999	0.9109999999999999	0.915	0.919	16900000	17000000	17000000	17100000	17100000	Anxiety disorders	Rate	2017	7176.422419660812	8982.306590867252	5755.580570093479	Depressive disorders	Rate	2017	4133.702739720693	4707.669242298834	3669.6239391310974	Substance use disorders	Rate	2017	2529.449819858644	2824.2599612343256	2240.7647380332173
120	New Zealand	0.863	0.8640000000000001	0.865	0.865	0.866	4610000	4660000	4700000	4740000	4780000	Anxiety disorders	Rate	2017	7397.506372512408	8608.193702066503	6384.668830680802	Depressive disorders	Rate	2017	3807.6045858317275	4241.9385910743795	3389.079822436021	Substance use disorders	Rate	2017	4561.8723782502475	5233.1470548619345	3952.588293133056
121	Nicaragua	0.579	0.581	0.583	0.585	0.588	6220000	6300000	6380000	6470000	6550000	Anxiety disorders	Rate	2017	4316.062894855681	5426.28018667333	3410.429109720138	Depressive disorders	Rate	2017	3045.669628423256	3528.688151571842	2647.473303292319	Substance use disorders	Rate	2017	2820.40685665595	3315.99434000303	2410.610247377742
122	Niger	0.162	0.163	0.16399999999999998	0.16399999999999998	0.165	20000000	20800000	21600000	22400000	23300000	Anxiety disorders	Rate	2017	2492.873138980461	3210.7333260007995	1864.0331017004614	Depressive disorders	Rate	2017	2556.3890919004707	2951.8523936140405	2178.226413076439	Substance use disorders	Rate	2017	513.9351169063734	609.9097965483302	440.25631503219404
123	Nigeria	0.478	0.48700000000000004	0.495	0.503	0.512	181000000	186000000	191000000	196000000	201000000	Anxiety disorders	Rate	2017	2699.7122718374217	3223.790156376426	2265.318623628521	Depressive disorders	Rate	2017	2674.755649595889	3017.367071984715	2371.141235119057	Substance use disorders	Rate	2017	614.9058802308367	699.3176147025175	544.6184028477759
124	North Korea	0.613	0.615	0.617	0.619	0.621	25200000	25300000	25400000	25500000	25700000	Anxiety disorders	Rate	2017	3765.6845794628803	4690.122714290507	3013.1372331850075	Depressive disorders	Rate	2017	3109.158300258359	3674.197788747636	2660.5613345413703	Substance use disorders	Rate	2017	1431.8867187620185	1628.7674091174647	1244.5961084351782
125	North Macedonia	0.574	0.5760000000000001	0.5770000000000001	0.58	0.5820000000000001	2080000	2080000	2080000	2080000	2080000	Anxiety disorders	Rate	2017	4009.244871800309	5080.120111862328	3227.0592773629387	Depressive disorders	Rate	2017	3109.366057911295	3635.774695046233	2717.996228198435	Substance use disorders	Rate	2017	2329.848379857969	2726.2258717608497	1991.1133406092172
126	Norway	0.8109999999999999	0.815	0.8190000000000001	0.8220000000000001	0.826	5200000	5250000	5300000	5340000	5380000	Anxiety disorders	Rate	2017	7096.277545049697	8122.754524221713	6125.447028679083	Depressive disorders	Rate	2017	3673.259277134438	4093.607760909209	3275.392903495541	Substance use disorders	Rate	2017	2540.269719795925	2811.3061313273865	2303.658838361453
127	Oman	0.813	0.825	0.836	0.845	0.8540000000000001	4270000	4480000	4670000	4830000	4970000	Anxiety disorders	Rate	2017	4721.084481938056	6090.927588813219	3639.067104937451	Depressive disorders	Rate	2017	4112.1069046749435	4860.957088106704	3474.7708458069856	Substance use disorders	Rate	2017	1069.1908655728005	1294.402571037782	883.6995844945302
128	Pakistan	0.36	0.36200000000000004	0.364	0.36700000000000005	0.369	199000000	204000000	208000000	212000000	217000000	Anxiety disorders	Rate	2017	2962.434575677526	3490.7943209972705	2503.9405532927003	Depressive disorders	Rate	2017	2926.8324465167907	3325.1601702409553	2573.236622567969	Substance use disorders	Rate	2017	1542.6605008406327	1757.6677548429238	1353.099563945768
129	Palau	0.782	0.7879999999999999	0.794	0.799	0.805	17700	17700	17800	17900	18000	Anxiety disorders	Rate	2017	4195.9012039693735	5216.073748067381	3321.880131049075	Depressive disorders	Rate	2017	3598.3816828948657	4312.004213328918	2995.656076865042	Substance use disorders	Rate	2017	1653.8303874509927	1919.3683464768467	1413.4539381525503
130	Palestine	0.754	0.7559999999999999	0.759	0.762	0.764	4530000	4640000	4750000	4860000	4980000	Anxiety disorders	Rate	2017	5373.7904901197835	6796.533845729584	4114.496360231588	Depressive disorders	Rate	2017	5246.786907645599	6139.913378612005	4497.209559304057	Substance use disorders	Rate	2017	784.2111404483142	932.2103861887764	659.8422508108772
131	Panama	0.667	0.67	0.674	0.677	0.6809999999999999	3970000	4040000	4110000	4180000	4250000	Anxiety disorders	Rate	2017	3687.7363419443345	4599.413394247626	2938.885229898299	Depressive disorders	Rate	2017	2949.000251412241	3370.241587267733	2595.0292460219844	Substance use disorders	Rate	2017	2076.324348357291	2450.582681426104	1765.6381565467818
132	Papua New Guinea	0.13	0.131	0.131	0.132	0.133	8110000	8270000	8440000	8610000	8780000	Anxiety disorders	Rate	2017	3672.439548165214	4648.539457188516	2841.457394957268	Depressive disorders	Rate	2017	2622.2918305410763	3084.84167663693	2231.369974111222	Substance use disorders	Rate	2017	1390.075821046268	1711.4403486105055	1147.9986722333256
133	Paraguay	0.608	0.61	0.613	0.616	0.619	6690000	6780000	6870000	6960000	7040000	Anxiety disorders	Rate	2017	6268.487550483569	7867.154185559058	4971.716262334082	Depressive disorders	Rate	2017	3656.057753199286	4204.424685217193	3172.652291011404	Substance use disorders	Rate	2017	3184.573080884754	3678.171110751952	2725.586737758693
134	Peru	0.774	0.775	0.777	0.779	0.7809999999999999	30500000	30900000	31400000	32000000	32500000	Anxiety disorders	Rate	2017	5627.1392826217125	7057.133006418093	4487.22525929746	Depressive disorders	Rate	2017	2206.5834654890205	2563.8300008527185	1917.1266344923793	Substance use disorders	Rate	2017	1732.095668335405	2017.3639126979806	1494.974040098696
135	Philippines	0.46299999999999997	0.465	0.467	0.469	0.47100000000000003	102000000	104000000	105000000	107000000	108000000	Anxiety disorders	Rate	2017	4356.00034808463	5119.087674836634	3717.30752658087	Depressive disorders	Rate	2017	2521.257958678916	2817.716005271277	2230.7022588839263	Substance use disorders	Rate	2017	1283.2064058404912	1459.0530604044366	1124.27310390373
136	Poland	0.603	0.602	0.601	0.601	0.6	38000000	38000000	38000000	37900000	37900000	Anxiety disorders	Rate	2017	3474.651980491196	4007.5376006341717	2996.2971031882344	Depressive disorders	Rate	2017	2611.561383730713	2920.062544237344	2329.7694147906227	Substance use disorders	Rate	2017	4318.447392696466	4871.750621311289	3829.486641558326
137	Portugal	0.635	0.6409999999999999	0.647	0.652	0.6579999999999999	10400000	10300000	10300000	10300000	10200000	Anxiety disorders	Rate	2017	8593.357082268585	10693.745662629412	6950.551254153971	Depressive disorders	Rate	2017	5553.456691511553	6297.888379069351	4888.494542201273	Substance use disorders	Rate	2017	3781.716845246169	4444.420578068691	3183.009478037512
138	Qatar	0.9890000000000001	0.99	0.991	0.991	0.992	2570000	2650000	2720000	2780000	2830000	Anxiety disorders	Rate	2017	4592.420270464082	5988.599320861224	3486.157952890525	Depressive disorders	Rate	2017	4653.922589290317	5534.547894075449	3910.179096057189	Substance use disorders	Rate	2017	1321.9721707583994	1591.8395673137534	1097.5944942263393
139	Romania	0.539	0.539	0.539	0.54	0.541	19900000	19800000	19700000	19500000	19400000	Anxiety disorders	Rate	2017	3686.7714276184747	4624.253039155871	2971.5983036539674	Depressive disorders	Rate	2017	3342.238985514881	3839.7209606698243	2913.717133547249	Substance use disorders	Rate	2017	2594.0895996808536	2934.7188366034165	2267.8589814916572
140	Russia	0.74	0.742	0.743	0.7440000000000001	0.746	145000000	145000000	146000000	146000000	146000000	Anxiety disorders	Rate	2017	3415.143926261192	3941.9948276194564	2945.972650979865	Depressive disorders	Rate	2017	3755.290597286776	4176.046827580892	3353.386074687642	Substance use disorders	Rate	2017	4291.91934634351	4776.653813941599	3856.332604979728
141	Rwanda	0.17	0.171	0.171	0.172	0.17300000000000001	11400000	11700000	12000000	12300000	12600000	Anxiety disorders	Rate	2017	3353.761255874308	4278.321556087918	2607.495600736667	Depressive disorders	Rate	2017	3927.2892524626814	4557.7690262229635	3382.1527659591798	Substance use disorders	Rate	2017	3052.0838385544416	3643.6063377307105	2517.378369174981
142	Samoa	0.18899999999999997	0.187	0.185	0.182	0.18100000000000002	194000	195000	195000	196000	197000	Anxiety disorders	Rate	2017	3888.3327962772937	4868.718100486422	3082.5899646866433	Depressive disorders	Rate	2017	2453.468673779824	2867.5942393581386	2111.6872064975173	Substance use disorders	Rate	2017	1567.8896376683279	1880.9678914600033	1287.5610231872408
143	San Marino	0.9670000000000001	0.9690000000000001	0.971	0.972	0.9740000000000001	33300	33500	33700	33800	33900	Anxiety disorders	Rate	2017	5829.902821155497	7250.025387470177	4731.467990098346	Depressive disorders	Rate	2017	4775.820754316896	5638.0961178599	4071.3710224545616	Substance use disorders	Rate	2017	3141.5043190344973	3550.9569026438658	2813.442580455568
144	Sao Tome and Principe	0.7020000000000001	0.711	0.72	0.728	0.736	199000	203000	207000	211000	215000	Anxiety disorders	Rate	2017	2988.975918650139	3792.270288883773	2284.5278212480976	Depressive disorders	Rate	2017	3002.071015626012	3510.7086498939675	2579.3846864481425	Substance use disorders	Rate	2017	787.6189504773208	904.8291708297937	679.3857585504762
145	Saudi Arabia	0.8320000000000001	0.8340000000000001	0.836	0.838	0.841	31700000	32400000	33100000	33700000	34300000	Anxiety disorders	Rate	2017	4931.164895069416	6258.207215432401	3821.7686110536415	Depressive disorders	Rate	2017	4584.428799482171	5394.831018462311	3924.619175986336	Substance use disorders	Rate	2017	1075.585476575853	1260.3004005278985	909.7690071823932
146	Senegal	0.45899999999999996	0.46299999999999997	0.467	0.47200000000000003	0.47700000000000004	14600000	15000000	15400000	15900000	16300000	Anxiety disorders	Rate	2017	2703.8011285284565	3460.042125605842	2071.7297736551	Depressive disorders	Rate	2017	3005.004602967497	3490.565215273621	2591.624142386246	Substance use disorders	Rate	2017	661.7646162575915	766.8627517866846	565.2761843174377
147	Serbia	0.557	0.5579999999999999	0.5589999999999999	0.561	0.563	8880000	8850000	8830000	8800000	8770000	Anxiety disorders	Rate	2017	3738.218652549185	4633.150368879011	3035.5044463776226	Depressive disorders	Rate	2017	3524.620928428389	4035.573816252212	3063.525476964194	Substance use disorders	Rate	2017	2647.947274331831	3044.025639502292	2293.007569857319
148	Seychelles	0.5539999999999999	0.5579999999999999	0.563	0.5670000000000001	0.5710000000000001	95000	95700	96400	97100	97700	Anxiety disorders	Rate	2017	3963.4477526042842	4986.5994563294735	3153.0670172362957	Depressive disorders	Rate	2017	2924.897584996372	3476.051293881296	2484.81473051369	Substance use disorders	Rate	2017	1738.9619250906485	2047.37014446742	1484.176126919311
149	Sierra Leone	0.408	0.41200000000000003	0.41600000000000004	0.42100000000000004	0.425	7170000	7330000	7490000	7650000	7810000	Anxiety disorders	Rate	2017	3421.302539529564	4358.533944675564	2646.0087483481707	Depressive disorders	Rate	2017	3279.596602373101	3805.897919096038	2819.913469898791	Substance use disorders	Rate	2017	721.3789618866005	839.2033402604485	620.6442608441271
150	Singapore	1.0	1.0	1.0	1.0	1.0	5590000	5650000	5710000	5760000	5800000	Anxiety disorders	Rate	2017	2900.8650245464532	3683.5743397755955	2292.423681679405	Depressive disorders	Rate	2017	2270.0132268832513	2551.9368916491776	2019.869284530768	Substance use disorders	Rate	2017	1602.1821021744558	1880.008591021274	1374.788163803006
151	Slovakia	0.539	0.5379999999999999	0.5379999999999999	0.537	0.537	5440000	5440000	5450000	5450000	5460000	Anxiety disorders	Rate	2017	3846.15286522474	4829.539030646087	3082.496702207233	Depressive disorders	Rate	2017	3386.3603460584804	3904.233014580077	2944.560404033261	Substance use disorders	Rate	2017	3280.0577635276672	3704.5584053585435	2871.980436563856
152	Slovenia	0.5379999999999999	0.54	0.5429999999999999	0.545	0.5479999999999999	2070000	2070000	2080000	2080000	2080000	Anxiety disorders	Rate	2017	3808.801854275145	4723.398130691812	3071.637543693836	Depressive disorders	Rate	2017	4103.84061046507	4660.057196016001	3623.7253243465507	Substance use disorders	Rate	2017	3597.3033306832094	4062.704738864762	3152.7230404501433
153	Solomon Islands	0.22399999999999998	0.228	0.233	0.237	0.242	603000	619000	636000	653000	670000	Anxiety disorders	Rate	2017	3643.355613765617	4601.9948176081125	2874.190833116389	Depressive disorders	Rate	2017	2430.6154644302	2855.8117377765266	2068.706053320396	Substance use disorders	Rate	2017	1275.932136771154	1528.2664867871624	1064.8813817559728
154	Somalia	0.43200000000000005	0.43799999999999994	0.444	0.45	0.456	13800000	14200000	14600000	15000000	15400000	Anxiety disorders	Rate	2017	2715.131528324253	3442.402311482297	2090.792111415834	Depressive disorders	Rate	2017	3192.329991815443	3729.0321177925657	2748.262710836073	Substance use disorders	Rate	2017	1134.0269783184858	1377.5128912688822	933.2827492892472
155	South Africa	0.648	0.653	0.6579999999999999	0.664	0.669	55400000	56200000	57000000	57800000	58600000	Anxiety disorders	Rate	2017	3869.96822927201	4563.126503364137	3281.6453537995894	Depressive disorders	Rate	2017	4296.056942654394	4769.4001737949875	3871.628384906584	Substance use disorders	Rate	2017	2911.403035358777	3284.3816166007373	2586.620519848761
156	South Korea	0.816	0.816	0.815	0.815	0.8140000000000001	50800000	51000000	51100000	51200000	51200000	Anxiety disorders	Rate	2017	3508.822890324925	4366.165869359158	2799.6902075818202	Depressive disorders	Rate	2017	2526.2082772515096	2822.4460453811857	2282.67178337965	Substance use disorders	Rate	2017	4478.738631397445	5148.844588021775	3781.0532071533225
157	South Sudan	0.18899999999999997	0.191	0.193	0.196	0.19899999999999998	10700000	10800000	10900000	11000000	11100000	Anxiety disorders	Rate	2017	4225.687041887271	5374.021444212256	3314.860298407675	Depressive disorders	Rate	2017	3322.3078091796565	3857.828915823992	2864.669901391401	Substance use disorders	Rate	2017	1228.4738882798945	1473.4452472846149	1029.693802253672
158	Spain	0.7959999999999999	0.7979999999999999	0.8009999999999999	0.8029999999999999	0.8059999999999999	46700000	46600000	46600000	46700000	46700000	Anxiety disorders	Rate	2017	5660.7977675967295	6437.178310099694	4961.98861596728	Depressive disorders	Rate	2017	5592.043347048601	6152.701695713895	5087.1571089487015	Substance use disorders	Rate	2017	2802.929157056499	3115.402847771699	2515.105871223487
159	Sri Lanka	0.183	0.183	0.184	0.185	0.18600000000000003	20900000	21000000	21100000	21200000	21300000	Anxiety disorders	Rate	2017	4219.489019964688	5312.692113946593	3405.0288574844685	Depressive disorders	Rate	2017	3082.428685017377	3628.226417895895	2670.870930341012	Substance use disorders	Rate	2017	1449.3048063419299	1658.3547419001363	1260.7910025284025
160	Saint Kitts and Nevis	0.308	0.308	0.308	0.308	0.308	51200	51600	52000	52400	52800	Anxiety disorders	Rate	2017	4644.040810298847	5846.908751847282	3683.2809372095467	Depressive disorders	Rate	2017	4396.007396099643	5192.761818009917	3690.329706494312	Substance use disorders	Rate	2017	2460.5411330699985	2841.710713502285	2124.638866158592
161	Saint Lucia	0.185	0.18600000000000003	0.18600000000000003	0.187	0.188	179000	180000	181000	182000	183000	Anxiety disorders	Rate	2017	4705.922723500719	5921.292502174495	3742.244739923517	Depressive disorders	Rate	2017	3683.0662001543787	4224.035113197416	3226.776135932793	Substance use disorders	Rate	2017	3119.4619808999896	3573.4392409036936	2689.7931410747165
162	Saint Vincent and the Grenadines	0.51	0.514	0.518	0.522	0.526	109000	109000	110000	110000	111000	Anxiety disorders	Rate	2017	4513.349398881673	5685.172807684558	3622.559088591841	Depressive disorders	Rate	2017	3579.846631327243	4089.3937971315113	3144.813278403792	Substance use disorders	Rate	2017	3045.480859048239	3485.656736226221	2636.872295515939
163	Sudan	0.33899999999999997	0.341	0.344	0.34600000000000003	0.349	38900000	39800000	40800000	41800000	42800000	Anxiety disorders	Rate	2017	4574.22234646975	5863.922459171253	3528.072463339324	Depressive disorders	Rate	2017	3700.530467263696	4331.637974525851	3192.6670070073424	Substance use disorders	Rate	2017	651.7771508551069	768.9075073848633	548.3493897414425
164	Suriname	0.6609999999999999	0.66	0.66	0.6609999999999999	0.6609999999999999	559000	565000	571000	576000	581000	Anxiety disorders	Rate	2017	4263.9533210334275	5342.304786236794	3376.5369383584252	Depressive disorders	Rate	2017	4907.629047527101	5641.607598377122	4277.193704479405	Substance use disorders	Rate	2017	2274.523845431689	2581.8783470794365	1959.704429957761
165	Sweden	0.866	0.8690000000000001	0.871	0.8740000000000001	0.877	9760000	9840000	9900000	9970000	10000000	Anxiety disorders	Rate	2017	4986.9474940774935	5723.279411184515	4298.3116972150565	Depressive disorders	Rate	2017	4749.181321968233	5237.269857573575	4306.644711779648	Substance use disorders	Rate	2017	3018.5417833208503	3364.027490870862	2703.8233834834627
166	Switzerland	0.737	0.737	0.738	0.738	0.738	8300000	8380000	8460000	8530000	8590000	Anxiety disorders	Rate	2017	7152.427190786466	8588.05784822697	5917.806927934094	Depressive disorders	Rate	2017	4465.227938398909	4978.4600879582895	4012.960358030703	Substance use disorders	Rate	2017	3802.648352242401	4319.682688501402	3318.553462967859
167	Syria	0.522	0.528	0.535	0.542	0.5479999999999999	18000000	17500000	17100000	16900000	17100000	Anxiety disorders	Rate	2017	5743.9364583863635	7147.986608444307	4497.574794244927	Depressive disorders	Rate	2017	3956.2377404376093	4548.580200136825	3391.4243850825746	Substance use disorders	Rate	2017	701.5719990904275	810.9717148061106	607.6700081370068
168	Tajikistan	0.267	0.26899999999999996	0.27	0.271	0.273	8450000	8660000	8880000	9100000	9320000	Anxiety disorders	Rate	2017	2268.526146770689	2889.026365870261	1764.5686405971994	Depressive disorders	Rate	2017	2388.1901774907933	2803.4157691172786	2051.9930682079853	Substance use disorders	Rate	2017	2567.242325264025	2968.81615973155	2166.9255405456224
169	United Republic of Tanzania	0.316	0.32299999999999995	0.331	0.33799999999999997	0.345	51500000	53000000	54700000	56300000	58000000	Anxiety disorders	Rate	2017	3298.9179290837455	4200.620761246206	2564.3842159287924	Depressive disorders	Rate	2017	3322.8795047020317	3884.416094827473	2846.2780682150164	Substance use disorders	Rate	2017	1386.6071925114154	1646.6192003455856	1165.4081807067632
170	Thailand	0.47700000000000004	0.484	0.49200000000000005	0.499	0.507	68700000	69000000	69200000	69400000	69600000	Anxiety disorders	Rate	2017	3788.7921672796638	4739.079889590935	3047.0881043570203	Depressive disorders	Rate	2017	3541.549463806384	4150.59247682816	3053.8310164949303	Substance use disorders	Rate	2017	2092.449243991276	2368.7607847439826	1836.4301670411041
171	Timor-Leste	0.295	0.299	0.302	0.306	0.309	1200000	1220000	1240000	1270000	1290000	Anxiety disorders	Rate	2017	3425.000720366592	4337.284936889791	2694.116525890385	Depressive disorders	Rate	2017	2287.575642853511	2666.808417535793	1973.1062149041088	Substance use disorders	Rate	2017	1102.957202460617	1307.1983038335768	933.1680538427876
172	Togo	0.401	0.406	0.41200000000000003	0.41700000000000004	0.42200000000000004	7320000	7510000	7700000	7890000	8080000	Anxiety disorders	Rate	2017	3330.107191411096	4291.276112911153	2568.623402701747	Depressive disorders	Rate	2017	3418.017896244404	3952.2142584751723	2967.9446859718755	Substance use disorders	Rate	2017	671.9791099622316	776.1588472294475	579.1360484397427
173	Tonga	0.233	0.23199999999999998	0.23199999999999998	0.231	0.231	101000	101000	102000	103000	104000	Anxiety disorders	Rate	2017	3851.263814221457	4849.864659645346	3019.7092664103498	Depressive disorders	Rate	2017	2344.668199958801	2762.247545175173	2012.1060623440424	Substance use disorders	Rate	2017	1331.7537693944034	1594.5731966723342	1108.7071023863161
174	Trinidad and Tobago	0.5329999999999999	0.5329999999999999	0.532	0.532	0.532	1370000	1380000	1380000	1390000	1390000	Anxiety disorders	Rate	2017	4160.095381853553	5256.015824310745	3328.320077026127	Depressive disorders	Rate	2017	4274.99846943102	4907.574019878839	3718.8070994096265	Substance use disorders	Rate	2017	2407.2432532822895	2725.5051969269557	2101.453936593525
175	Tunisia	0.6809999999999999	0.6829999999999999	0.6859999999999999	0.6890000000000001	0.693	11200000	11300000	11400000	11600000	11700000	Anxiety disorders	Rate	2017	5269.153513511374	6643.121875791101	4174.594928665337	Depressive disorders	Rate	2017	5348.285578841073	6126.780728092271	4648.094773221129	Substance use disorders	Rate	2017	880.3522042758608	1021.0949821989886	759.9749818638405
176	Turkey	0.736	0.741	0.746	0.7509999999999999	0.7559999999999999	78500000	79800000	81100000	82300000	83400000	Anxiety disorders	Rate	2017	4786.743593340374	5955.44805335915	3786.850405151488	Depressive disorders	Rate	2017	4360.299488221685	4973.887905095534	3838.3989224231104	Substance use disorders	Rate	2017	946.5452887048796	1112.8638281687693	809.9841555814218
177	Turkmenistan	0.503	0.507	0.512	0.516	0.52	5570000	5660000	5760000	5850000	5940000	Anxiety disorders	Rate	2017	2296.6361211451235	2883.7722781357793	1811.1640375250586	Depressive disorders	Rate	2017	2903.6057529286963	3368.51471682677	2516.8992740274434	Substance use disorders	Rate	2017	3094.8444037917266	3679.8082665682723	2623.589799118569
178	Tuvalu	0.597	0.606	0.615	0.624	0.632	11100	11200	11400	11500	11700	Anxiety disorders	Rate	2017	4007.9523227770333	5015.75710675811	3216.0336097871423	Depressive disorders	Rate	2017	3030.590751597007	3585.401254887389	2541.8559417030733	Substance use disorders	Rate	2017	1437.8552162197152	1747.2274758122146	1202.1724636270242
179	Uganda	0.221	0.226	0.23199999999999998	0.23800000000000002	0.244	38200000	39600000	41200000	42700000	44300000	Anxiety disorders	Rate	2017	3406.97690218202	4422.909713439687	2628.584038968498	Depressive disorders	Rate	2017	4294.54921897599	4997.325556862371	3705.2174557398052	Substance use disorders	Rate	2017	1020.0358960250443	1214.4545656100058	853.8097273229104
180	Ukraine	0.691	0.6920000000000001	0.6920000000000001	0.6940000000000001	0.695	44900000	44700000	44500000	44200000	44000000	Anxiety disorders	Rate	2017	3480.1363123477904	4037.3730376013013	3007.040688444052	Depressive disorders	Rate	2017	5002.7122904865755	5595.121054699247	4476.003781905356	Substance use disorders	Rate	2017	3616.9151617524626	4031.591324249231	3249.176842812752
181	United Arab Emirates	0.857	0.86	0.862	0.865	0.868	9260000	9360000	9490000	9630000	9770000	Anxiety disorders	Rate	2017	4455.483484055949	5748.600389839562	3404.298452731934	Depressive disorders	Rate	2017	4379.498298168978	5232.622123833987	3640.8185783848994	Substance use disorders	Rate	2017	1788.6785250058585	2079.606757329788	1523.0748344370504
182	United Kingdom	0.826	0.8290000000000001	0.831	0.8340000000000001	0.8370000000000001	65900000	66300000	66700000	67100000	67500000	Anxiety disorders	Rate	2017	4671.125963684506	5432.75709815317	4024.275088009209	Depressive disorders	Rate	2017	4721.446242485882	5222.290519315295	4241.588083017952	Substance use disorders	Rate	2017	4983.538961733466	5519.599571911956	4510.957565781698
183	United States of America	0.8170000000000001	0.8190000000000001	0.821	0.823	0.825	321000000	323000000	325000000	327000000	329000000	Anxiety disorders	Rate	2017	5541.296509066034	6427.339232822558	4788.772937937167	Depressive disorders	Rate	2017	4658.55727385575	5128.934320931681	4271.03057710285	Substance use disorders	Rate	2017	5507.026533363011	6037.07427409221	5006.681359476535
184	Uruguay	0.95	0.951	0.9520000000000001	0.953	0.9540000000000001	3410000	3420000	3440000	3450000	3460000	Anxiety disorders	Rate	2017	5355.993140855126	6746.875306552865	4323.201797163022	Depressive disorders	Rate	2017	3152.657612079557	3589.7995054146368	2785.452154602887	Substance use disorders	Rate	2017	2930.229120234333	3238.659406911944	2629.77592586618
185	Uzbekistan	0.508	0.506	0.505	0.505	0.504	30900000	31400000	32000000	32500000	33000000	Anxiety disorders	Rate	2017	1974.2787855970948	2476.0970792256103	1546.5243325116653	Depressive disorders	Rate	2017	2918.505078935689	3398.091211000693	2541.212076091265	Substance use disorders	Rate	2017	2228.558195036273	2626.5533251488737	1850.1053047833134
186	Vanuatu	0.25	0.251	0.252	0.253	0.254	271000	278000	285000	293000	300000	Anxiety disorders	Rate	2017	3736.172810828319	4725.798176073	2928.046917322387	Depressive disorders	Rate	2017	2506.3244573233083	2924.834899858689	2137.820563311667	Substance use disorders	Rate	2017	1248.0712615997384	1463.3839656861044	1053.7530020796119
187	Venezuela (Bolivarian Republic of)	0.882	0.882	0.882	0.882	0.882	30100000	29900000	29400000	28900000	28500000	Anxiety disorders	Rate	2017	4099.97117680828	5167.494564683756	3235.188769156964	Depressive disorders	Rate	2017	3322.5327354451038	3805.7955534638622	2908.2856280224346	Substance use disorders	Rate	2017	1909.4382708218836	2260.136516710587	1620.017669245476
188	Viet Nam	0.33799999999999997	0.345	0.35200000000000004	0.359	0.366	92700000	93600000	94600000	95500000	96500000	Anxiety disorders	Rate	2017	2399.396308269491	2960.3989649582672	1909.0530742413064	Depressive disorders	Rate	2017	2679.2934244866324	3190.888280079585	2270.0864417478438	Substance use disorders	Rate	2017	1988.5991517345722	2268.5861483911376	1727.1560639337265
189	Yemen	0.348	0.354	0.36	0.366	0.373	26500000	27200000	27800000	28500000	29200000	Anxiety disorders	Rate	2017	4509.9212423464205	5808.155160375477	3431.545208759175	Depressive disorders	Rate	2017	3939.2737854376173	4572.555712206306	3398.300702477463	Substance use disorders	Rate	2017	616.4265898824942	737.1630311277735	521.8728028797011
190	Zambia	0.419	0.424	0.43	0.435	0.441	15900000	16400000	16900000	17400000	17900000	Anxiety disorders	Rate	2017	3472.502996689845	4437.234540346966	2685.949553773082	Depressive disorders	Rate	2017	3003.730667051983	3518.2831512664093	2578.9916812702522	Substance use disorders	Rate	2017	1434.3611741864222	1717.587046792176	1198.9402438762486
